{"agents": [{"iteration": 1116, "agent_name": "Skibidi_red", "weights": {"food": {"deposited": 6.905979906469302e-19, "(17, 6)": 2.315300522087374e-19, "(21, 1)": 1.0304909169469808e-19, "(21, 4)": 2.5956978196398805e-20, "(21, 6)": -3.19124274723942e-20, "(21, 8)": -9.641067645963538e-20, "(21, 12)": 1.1208335554220978e-19, "(22, 4)": -1.1291777432583927e-19, "(22, 10)": 2.668400879101204e-19, "(23, 1)": -8.728244814067301e-21, "(23, 6)": 4.908345586603251e-19, "(23, 12)": 2.598093147879066e-19, "(24, 6)": -8.75835466380204e-20, "(24, 7)": -2.1082180600125388e-19, "(24, 12)": -2.3052838242440963e-19, "(26, 1)": -5.29723400131906e-20, "(26, 3)": -1.3198907508437612e-19, "(26, 14)": 1.1724659457654201e-21, "(28, 7)": -4.755220283803839e-20, "(28, 13)": -2.230221210000834e-19, "(28, 14)": 9.099674756041896e-20, "ate_food": 8.525684467409834e-19, "num_carrying": 1.3758980211876082e-19, "num_returned": 1.2642339738809355e-19, "(14, 1)": -5.440838140997956e-22, "(14, 5)": -5.440838140997956e-22, "(14, 7)": -5.440838140997956e-22, "(14, 8)": -5.440838140997956e-22, "(14, 9)": -5.440838140997956e-22, "(14, 11)": -5.440838140997956e-22, "(14, 12)": -5.440838140997956e-22, "(14, 14)": -5.440838140997956e-22, "scared_timer_1": 1.0054425800266499e-19, "scared_timer_2": 1.1091863886919643e-19, "(16, 7)": 1.91189889736526e-19, "(18, 3)": 3.039059305053696e-19, "(24, 2)": 1.1485782728802237e-19, "(25, 2)": 4.935898938754087e-21, "(25, 4)": -1.2335368267811115e-20, "(25, 5)": 6.74014546288985e-20, "(25, 1)": 8.803803189362599e-20, "(25, 3)": 1.5242892505234e-19, "(20, 11)": -4.972595252664901e-20, "(20, 12)": 1.5418672542351813e-19, "(19, 4)": 9.429598024998216e-20, "(20, 6)": 1.9545991379576759e-19, "(24, 9)": -1.2447581033440683e-19, "(26, 10)": 4.823590577274123e-20, "(26, 12)": -7.586003155119394e-20, "(26, 5)": 7.87172656270331e-20, "(25, 10)": -8.759994929641149e-20, "(22, 14)": 5.276004732835339e-21, "(24, 13)": -1.9869776863817484e-21, "(24, 14)": -2.72028626903221e-20, "(20, 13)": 1.9750448423299094e-19, "(20, 14)": 4.893533626845991e-20, "(21, 14)": 5.487685977221754e-20, "(23, 14)": -9.764855742970123e-20, "(19, 11)": 8.114598458924248e-20, "(19, 13)": 1.1460993074826483e-19, "(18, 1)": -3.966260094604526e-20, "(19, 1)": 8.193278605047137e-20, "(18, 10)": 1.4187111491282097e-19, "(18, 11)": 2.2135384130674125e-21, "(19, 5)": 1.4548628481292944e-19, "(19, 6)": 1.2101719155984122e-19, "(18, 7)": 2.608190507498051e-19, "(16, 8)": 2.91401823373584e-19, "(17, 10)": 2.386248039964193e-19, "(17, 8)": 1.4008417850277162e-19, "(18, 8)": 1.0486686241385321e-19, "(17, 7)": 1.698157544470347e-19, "(17, 14)": 2.5626836224438896e-19, "(19, 2)": 1.3392304995131983e-19, "(16, 10)": 2.0475866306740862e-19, "(26, 8)": 2.537468801800999e-21, "(20, 9)": 1.1370615966396928e-19, "(21, 9)": 1.673226347653395e-19, "(22, 9)": 1.0424965992319187e-19, "(23, 9)": -1.3488228595255255e-20, "(23, 4)": -1.3098811639908136e-19, "(25, 6)": -4.9432102561923546e-20, "(27, 6)": 1.0794733263161268e-19, "(27, 8)": 4.894617604854595e-20, "(16, 13)": 1.2648722085273748e-19, "(16, 14)": 2.85157622016087e-20, "(18, 13)": 9.543273977547143e-20, "(27, 5)": 4.842658823261168e-20, "(25, 13)": -2.3427583838328715e-20, "(26, 11)": 6.999316504351324e-20, "(26, 13)": 9.01981983211629e-20, "(19, 7)": -2.908646161986485e-20, "(21, 2)": 6.582500369657881e-20, "(23, 2)": 9.73819624136055e-20, "(23, 3)": -5.275786995152171e-21, "(26, 9)": 2.3554862647182045e-20, "(27, 9)": -7.444280883391076e-20, "(16, 2)": 5.6599256132240516e-21, "(16, 3)": 4.777801434322042e-20, "(19, 3)": 3.767272462678367e-20, "(16, 4)": 3.7872836669645124e-20, "(18, 9)": -1.0663596571562646e-19, "(20, 2)": 1.277423962495481e-19, "(22, 2)": 5.00508859885612e-20, "(24, 10)": 4.229813341750992e-20, "(27, 7)": 5.1050547996825756e-20, "(28, 5)": 1.5461313652519451e-21, "(28, 12)": 2.7640867894201705e-21, "(28, 1)": 4.3994730841031796e-20, "(28, 2)": 4.3994730841031796e-20, "(28, 3)": 6.848445117438093e-20, "(18, 14)": 8.825285815795159e-20, "(19, 8)": -4.4584455064810084e-21, "(28, 4)": -7.78445359643783e-21, "(16, 11)": -7.428550582697467e-20, "(17, 3)": 1.8098399867340572e-20, "(28, 9)": -3.5813516808851046e-20, "(28, 10)": 3.924024788070758e-20, "(28, 11)": 5.435381258115604e-20, "(30, 11)": 6.4441703194638926e-21, "(30, 13)": 6.122048597442526e-20, "(30, 12)": 5.477631565496137e-20, "(30, 14)": 5.477631565496137e-20, "(19, 9)": 1.360171645174569e-20, "(17, 4)": -2.4486680988932162e-20}, "ghost": {"enemy_1_ghost": -8.780307548047318e-21, "enemy_2_ghost": -8.780307548047318e-21, "i_stopped": -3.7019242893953476e-20, "enemy_1_close": -6.444850392413152e-20, "enemy_2_close": -3.4525619969016223e-20, "enemy_1_dist": -9.102324374975698e-21, "enemy_2_dist": 6.993862194779476e-20}}}, {"iteration": 1105, "agent_name": "BrainRot_red", "weights": {"hunt": {"enemy_1_pacman": 3.2112682331024085e-10, "enemy_2_pacman": 0.0, "ate_pacman": 7.048940080956291e-09, "towards_pacman_1": 1.2731789625206078e-10, "towards_pacman_2": 4.3583430234540267e-11, "enemy_1_dist": 9.362637277074022e-11, "enemy_2_dist": 1.1273612282913169e-10}, "fear": {"enemy_1_carrying": -1.4967486236332199e-10, "enemy_2_carrying": 0.0, "is_scared": -1.0358289668558376e-09, "enemy_1_dist_if_scared": 3.2271067543632597e-09, "enemy_2_dist_if_scared": -2.026119012954468e-10, "am_pacman": -2.606568622555064e-10}}}, {"iteration": 0, "agent_name": "Skibidi_blue", "weights": {}}, {"iteration": 0, "agent_name": "BrainRot_blue", "weights": {}}]}
